id_registro,texto_principal,label,label_detalhe,pipeline_origem,portal_origem,origem_texto,origem_qualidade,tamanho_chars,data_publicacao,url_origem,faixa_tamanho
GFC_VER_00010,PT publica foto com duplicações em ato em Salvador,1,GFC_VERDADEIRO,google_factcheck,UOL_NOTÍCIAS,AFIRMACAO_CHECADA,ROTULO_FORTE,50,2022-07-11,https://noticias.uol.com.br/confere/ultimas-noticias/2022/07/11/pt-admite-duplicacao-em-foto-de-ato-no-dois-de-julho-por-erro-tecnico.htm,50_100
GFC_NEG_00250,"Nome dele é Hugo ele é do MST ajudem a divulgar. Infiltrado. Aproveitou o momento para destruir tudo e botar a culpa nos patriotas que são homens de bem, que só querem a liberdade.",0,FALSO,google_factcheck,BOATOS.ORG,AFIRMACAO_CHECADA,ROTULO_FORTE,180,2023-01-09,https://www.boatos.org/politica/hugo-mst-estava-infiltrado-manifestacoes-brasilia-mostra-video.html,150_200
GFC_NEG_00214,Imagem do evento do PT no dia do trabalhador esvaziado em 2025,0,ENGANOSO,google_factcheck,AFP_CHECAMOS,AFIRMACAO_CHECADA,ROTULO_FORTE,62,2025-05-05,https://checamos.afp.com/doc.afp.com.44KH7T2,50_100
GFC_NEG_00024,Juíza corajosa desafia Moraes e manda libertar Jair Bolsonaro,0,FALSO,google_factcheck,DESCONHECIDA,AFIRMACAO_CHECADA,ROTULO_FORTE,61,,https://noticias.uol.com.br/confere/ultimas-noticias/2026/04/27/falso-juiza-mandou-libertar-jair-bolsonaro.ghtm,50_100
RSS_00041,"Turbinada sob Castro, cidade de pré-candidato bolsonarista no RJ espera verba acertada com Paes",1,NOTICIA_REAL,noticias_reais,UOL_NOTICIAS,titulo,ROTULO_ASSUMIDO,95,,https://www1.folha.uol.com.br/poder/2026/05/turbinada-sob-castro-cidade-de-pre-candidato-bolsonarista-no-rj-espera-verba-acertada-com-paes.shtml,50_100
GFC_NEG_00012,"Faustão furou a fila e recebeu um coração do SUS💲💲. Detalhe: o coração estava c miocardite. Agora pasmem, quer um novo coração só q dessa vez o ""doador"" não pode ter tomado as 💉💉. ‼️‼️‼️‼️⁉️⁉️⁉️⁉️‼️‼️‼️‼️ Tire suas conclusões. O povo perece por falta de conhecimento",0,FALSO,google_factcheck,BOATOS.ORG,AFIRMACAO_CHECADA,ROTULO_FORTE,266,2023-09-26,https://www.boatos.org/entretenimento/faustao-recebeu-coracao-com-miocardite-vai-ter-que-fazer-novo-transplante-coracao-nao-vacinado.html,200_300
RSS_00002,Juros escalam com candidatura de Flávio Bolsonaro ameaçada pelo 'caso Dark Horse',1,NOTICIA_REAL,noticias_reais,UOL_NOTICIAS,titulo,ROTULO_ASSUMIDO,81,,https://www1.folha.uol.com.br/mercado/2026/05/juros-escalam-com-candidatura-de-flavio-bolsonaro-ameacada-pelo-caso-dark-horse.shtml,50_100
RSS_00074,A consequência para Zema após os vídeos contra Gilmar Mendes — Confronto entre o ex-governador de Minas e o ministro do STF ganhou novo capítulo,1,NOTICIA_REAL,noticias_reais,VEJA_POLITICA,titulo_resumo,ROTULO_ASSUMIDO,144,2026-05-15,https://veja.abril.com.br/politica/a-consequencia-para-zema-apos-os-videos-contra-gilmar-mendes/,100_150
GFC_NEG_00225,Tecnólogo desafia o sistema e revela com detalhes como as urnas foram fraudadas. Ele expõe com detalhes o caminho dos votos roubados de Bolsonaro,0,FALSO,google_factcheck,ESTADÃO,AFIRMACAO_CHECADA,ROTULO_FORTE,145,,https://www.estadao.com.br/estadao-verifica/nulos-brancos-transferidos-lula-2022-falso/,100_150
GFC_NEG_00029,Lula diz que o povo brasileiro daria a vida por ele em caso de guerra com os EUA,0,FALSO,google_factcheck,ESTADÃO,AFIRMACAO_CHECADA,ROTULO_FORTE,80,,https://www.estadao.com.br/estadao-verifica/lula-povo-brasileiro-daria-a-vida-por-ele-trump-falso/,50_100
GFC_NEG_00146,O Tribunal Superior Eleitoral (TSE) publicou um vídeo em 2017 defendendo o voto impresso,0,FORA_DE_CONTEXTO,google_factcheck,AFP_CHECAMOS,AFIRMACAO_CHECADA,ROTULO_FORTE,88,2021-07-08,https://checamos.afp.com/doc.afp.com.9EE7U2,50_100
RSS_00039,Datafolha divulga neste sábado pesquisa sobre a disputa pela Presidência — As 2.004 entrevistas começaram na terça-feira 12 e terminaram na quinta 14. A margem de erro é de dois pontos percentuais,1,NOTICIA_REAL,noticias_reais,CARTACAPITAL,titulo_resumo,ROTULO_ASSUMIDO,196,2026-05-16,https://www.cartacapital.com.br/cartaexpressa/datafolha-divulga-neste-sabado-pesquisa-sobre-a-disputa-pela-presidencia/,150_200
RSS_00155,"Áudio de Flávio com Vorcaro irrita pastores, e ala defende migrar apoio para Caiado — A revelação de que o senador Flávio Bolsonaro (PL-RJ) pediu uma quantia milionária a Daniel Vorcaro para financiar um filme sobre o pai caiu como um balde de água fria entre lideranças evangélicas que, nos bastidores, já vinham demonstrando entusiasmo limitado com sua pré-candidatura à Presidência. Leia mais (05/14/2026 - 12h52)",1,NOTICIA_REAL,noticias_reais,FOLHA_PODER,titulo_resumo,ROTULO_ASSUMIDO,416,2026-05-14,https://redir.folha.com.br/redir/online/poder/rss091/*https://www1.folha.uol.com.br/poder/2026/05/audio-de-flavio-com-vorcaro-irrita-pastores-e-ala-defende-migrar-apoio-para-caiado.shtml,400_mais
RSS_00136,"Negacionismo fez brasileiros ‘perderem’ 3,4 anos de vida na pandemia — O dado faz parte do Estudo Carga Global de Doenças, publicado neste mês",1,NOTICIA_REAL,noticias_reais,CARTACAPITAL,titulo_resumo,ROTULO_ASSUMIDO,142,2026-05-16,https://www.cartacapital.com.br/saude/negacionismo-fez-brasileiros-perderem-34-anos-de-vida-na-pandemia/,100_150
GFC_NEG_00161,"O Fed, o Federal Reserve, o banco central americano está começando nessa semana de 3 de abril uma mudança histórica na condução da economia dos Estados Unidos. A partir de agora e progressivamente, as cédulas de papel que todos nós conhecemos não serão mais aceitas em transações de cash, ou seja, pagamento à vista ou para qualquer outro tipo de transação. Elas deverão sair de circulação para dar lugar às transações digitais. Não vai haver mais dinheiro de papel circulando em território americano e isso já está causando muita polêmica e medo, já que a sociedade está acostumada com o uso das notas. Nem mesmo nos bancos, nas contas individuais, vai haver mais dinheiro de papel""",0,FALSO,google_factcheck,UOL_NOTÍCIAS,AFIRMACAO_CHECADA,ROTULO_FORTE,683,2023-04-13,https://noticias.uol.com.br/confere/ultimas-noticias/2023/04/13/estados-unidos-nao-vao-acabar-com-cedulas-de-dolar.htm,400_mais
GFC_VER_00013,Ministro Flávio Dino criticou sistema eleitoral do país no passado. Só vale contra Bolsonaro?,1,GFC_VERDADEIRO,google_factcheck,PROJETO_COMPROVA,AFIRMACAO_CHECADA,ROTULO_FORTE,93,2023-07-13,https://projetocomprova.com.br/publica%C3%A7%C3%B5es/tuites-antigos-de-flavio-dino-com-criticas-ao-sistema-eleitoral-sao-verdadeiros-entenda-o-contexto/,50_100
GFC_NEG_00140,STM decretou que eleições foram fraudadas; Bolsonaro segue presidente e Congresso e STF foram destituídos,0,FALSO,google_factcheck,AOS_FATOS,AFIRMACAO_CHECADA,ROTULO_FORTE,105,2022-12-05,https://www.aosfatos.org/noticias/falso-stm-decretou-bolsonaro-fique-na-presidencia/,100_150
RSS_00183,"MP aciona TCU para investigar uso de incentivos fiscais em filme de Bolsonaro — Após vazamento das conversas entre senador Flávio Bolsonaro e ex-banqueiro do Master negociando patrocínio para o filme sobre Jair Bolsonaro, subprocurador-geral Lucas Furtado protocola representação pedindo que TCU investigue uso de incentivos fiscais e de recursos públicos, direta ou indiretamente, na produção do audiovisual",1,NOTICIA_REAL,noticias_reais,CORREIO_BRAZILIENSE,titulo_resumo,ROTULO_ASSUMIDO,408,2026-05-15,https://www.correiobraziliense.com.br/politica/2026/05/7420791-mp-aciona-tcu-para-investigar-subsidios-em-filme-de-bolsonaro.html,400_mais
RSS_00048,'7 Leituras' começa sua edição de 20 anos com peça adaptada por Hitchcock,1,NOTICIA_REAL,noticias_reais,UOL_NOTICIAS,titulo,ROTULO_ASSUMIDO,73,,https://guia.folha.uol.com.br/teatro/2026/05/7-leituras-comeca-sua-edicao-de-20-anos-com-peca-adaptada-por-hitchcock.shtml,50_100
GFC_NEG_00242,"Lockdown climático já começou. Olha a palhaçada, lockdown de novo. Tudo provocado pela extrema esquerda",0,ENGANOSO,google_factcheck,ESTADÃO,AFIRMACAO_CHECADA,ROTULO_FORTE,103,,https://www.estadao.com.br/estadao-verifica/decreto-para-emergencia-climatica-lockdown/,100_150
GFC_NEG_00076,Alô Alexandre de Moraes - os índios do município de Manicoré querem saber aonde foi parar os votos que eles depositaram nas urnas. Será que alguém poderia garantir esse direito?,0,FALSO,google_factcheck,BOATOS.ORG,AFIRMACAO_CHECADA,ROTULO_FORTE,177,2022-11-06,https://www.boatos.org/politica/manicore-am-zero-votos-para-bolsonaro-urnas-foram-fraudadas-cidade.html,150_200
GFC_NEG_00078,"Bolsonaro assinou MP decidindo que planos de saúde só precisam cobrir tratamentos que estejam na lista da Conitec. Quem tem câncer, doenças raras, ficará sem tratamento. Conitec é que autorizou cloroquina para covid",0,FALSO,google_factcheck,PROJETO_COMPROVA,AFIRMACAO_CHECADA,ROTULO_FORTE,215,2022-03-09,https://projetocomprova.com.br/publica%C3%A7%C3%B5es/mp-assinada-por-bolsonaro-nao-impede-atendimento-de-pessoas-com-cancer/,200_300
GFC_NEG_00129,Só poderão utilizar o Pix aqueles que estiverem com impostos em dia,0,ENGANOSO,google_factcheck,ESTADÃO,AFIRMACAO_CHECADA,ROTULO_FORTE,67,,https://www.estadao.com.br/estadao-verifica/cancelamento-pix-pagamento-impostos-enganoso/,50_100
GFC_NEG_00011,Comprovante de vacinação contra a covid-19 está sendo exigido para regularizar título de eleitor em São Pedro da Aldeia (RJ),0,FORA_DE_CONTEXTO,google_factcheck,UOL_NOTÍCIAS,AFIRMACAO_CHECADA,ROTULO_FORTE,124,2022-05-03,https://noticias.uol.com.br/confere/ultimas-noticias/2022/05/03/rj-deixou-de-exigir-vacina-para-regularizar-titulo-de-eleitor-presencial.htm,100_150
RSS_00133,Aliados de Flávio temem contágio e defendem Cláudio Castro fora da disputa ao Senado pelo Rio,1,NOTICIA_REAL,noticias_reais,FOLHA_PODER,titulo,ROTULO_ASSUMIDO,93,2026-05-15,https://redir.folha.com.br/redir/online/poder/rss091/*https://www1.folha.uol.com.br/poder/2026/05/aliados-de-flavio-temem-contagio-e-defendem-claudio-castro-fora-da-disputa-ao-senado-pelo-rio.shtml,50_100
GFC_NEG_00237,"Se explorar esse petróleo tiver problemas para a Amazônia, certamente não será explorado. Mas eu acho difícil, porque é a 530 km de distância da Amazônia",0,FALSO,google_factcheck,AOS_FATOS,AFIRMACAO_CHECADA,ROTULO_FORTE,153,2023-05-24,https://www.aosfatos.org/noticias/checamos-lula-exterior-petrobras-amazonia/,150_200
GFC_NEG_00138,Vocês acreditam que o marketing do PT clonou um evento em taperoá -PB dizendo que era um evento deles?,0,FALSO,google_factcheck,BOATOS.ORG,AFIRMACAO_CHECADA,ROTULO_FORTE,102,2022-08-31,https://www.boatos.org/politica/lula-usou-foto-missa-taperoa-pb-para-ilustrar-suposto-comicio.html,100_150
GFC_NEG_00238,Descobriu-se agora que o presidente Lula tem fortuna milionária e teve R$ 18 milhões em impostos da Receita Federal suspensos pelo Supremo Tribunal Federal,0,FORA_DE_CONTEXTO,google_factcheck,ESTADÃO,AFIRMACAO_CHECADA,ROTULO_FORTE,155,,https://www.estadao.com.br/estadao-verifica/lula-18-milhoes-impostos-fora-de-contexto/,150_200
RSS_00216,"INSS. Ex-ministro de Bolsonaro justifica fraude: ""Falta de estrutura"" — Ex-ministro de Bolsonaro, José Carlos Oliveira, agora Ahmed Mohamad, depõe me CPMI do INSS nesta quinta (11)",1,NOTICIA_REAL,noticias_reais,METROPOLES,titulo_resumo,ROTULO_ASSUMIDO,180,2025-09-11,https://www.metropoles.com/brasil/inss-ex-ministro-de-bolsonaro-justifica-fraude-falta-de-estrutura,150_200
RSS_00173,Fui assaltada. Fique sem celular e sem história,1,NOTICIA_REAL,noticias_reais,UOL_NOTICIAS,titulo,ROTULO_ASSUMIDO,47,,https://www1.folha.uol.com.br/colunas/becky-korich/2026/05/fui-assaltada-fique-sem-celular-e-sem-historia.shtml,0_50
GFC_NEG_00073,O MST incendiou estes carros,0,FALSO,google_factcheck,AFP_CHECAMOS,AFIRMACAO_CHECADA,ROTULO_FORTE,28,2023-03-13,https://checamos.afp.com/doc.afp.com.33BA6YC,0_50
GFC_NEG_00163,Gleisi Hoffmann previu derrota do PT em áudio gravado após primeiro debate de 2022,0,FALSO,google_factcheck,AFP_CHECAMOS,AFIRMACAO_CHECADA,ROTULO_FORTE,82,2022-09-10,https://checamos.afp.com/doc.afp.com.32J34VY,50_100
RSS_00178,"Eduardo Bolsonaro mostra que não liga pro Brasil, o medo é ser preso — Filho do presidente, Eduardo Bolsonaro mostra que só se preocupa mesmo é com si mesmo. Critíca Tarcísio e desafia Moraes. Brasil por último.",1,NOTICIA_REAL,noticias_reais,METROPOLES,titulo_resumo,ROTULO_ASSUMIDO,211,2025-07-15,https://www.metropoles.com/blog-do-noblat/eduardo-bolsonaro-mostra-que-nao-liga-pro-brasil-o-medo-e-ser-preso,200_300
GFC_NEG_00251,"Lula disse: 'Não se ganha copa com hospitais, vou construir estádios de futebol'; 'Ainda bem que a ‘natureza’ criou o coronavírus'; 'Um político ladrão é mais digno que um funcionário público'; 'Eu não vou enganar o povo mais uma vez'; e 'Eu não posso ver mais jovem de 14, 15 anos, assaltando e sendo violentado pela polícia só porque roubou um celular'",0,ENGANOSO,google_factcheck,AFP_CHECAMOS,AFIRMACAO_CHECADA,ROTULO_FORTE,354,2025-02-25,https://checamos.afp.com/doc.afp.com.36YN422,300_400
GFC_NEG_00119,Alexandre de Moraes disse: “vamos corroer a democracia por dentro”,0,FALSO,google_factcheck,AOS_FATOS,AFIRMACAO_CHECADA,ROTULO_FORTE,66,2024-04-18,https://www.aosfatos.org/noticias/falso-alexandre-de-moraes-corroer-a-democracia-por-dentro/,50_100
GFC_NEG_00127,Inquérito militar aponta que Lula foi responsável por destruir relógio de dom João 6º em 8/1,0,FALSO,google_factcheck,AOS_FATOS,AFIRMACAO_CHECADA,ROTULO_FORTE,92,2023-08-02,https://www.aosfatos.org/noticias/texto-satirico-lula-relogio-8-de-janeiro/,50_100
GFC_NEG_00233,"Quatro vídeos que circulam nas redes sociais mostram eleitores tentando acessar os dados da votação de suas respectivas seções eleitorais no site do TSE. No entanto, o número de nenhuma das seções aparece na plataforma. Os casos são de dois eleitores que votaram no exterior (em Toronto, no Canadá, e em Miami, nos Estados Unidos) e dois que votaram no Brasil (em Colíder, em Mato Grosso, e Passos, em Minas Gerais). Nos vídeos, os cidadãos alegam que os votos não foram computados e que, portanto, teria havido fraude no pleito.",0,ENGANOSO,google_factcheck,FOLHA_-_UOL,AFIRMACAO_CHECADA,ROTULO_FORTE,529,2022-11-16,https://www1.folha.uol.com.br/poder/2022/11/secoes-eleitorais-que-nao-aparecem-em-site-do-tse-foram-agregadas-a-outras.shtml,400_mais
RSS_00063,"Flávio fala em 'zero dinheiro público', mas produtora de filme tem elo com emendas e verba da Prefeitura de SP",1,NOTICIA_REAL,noticias_reais,FOLHA_PODER,titulo,ROTULO_ASSUMIDO,110,2026-05-14,https://redir.folha.com.br/redir/online/poder/rss091/*https://www1.folha.uol.com.br/poder/2026/05/flavio-fala-em-zero-dinheiro-publico-mas-produtora-de-filme-tem-elo-com-emendas-e-verba-da-prefeitura-de-sp.shtml,100_150
RSS_00003,"'Ele merece ou não este filme?', diz Flávio Bolsonaro ao defender uso de verba para obra sobre o pai",1,NOTICIA_REAL,noticias_reais,FOLHA_PODER,titulo,ROTULO_ASSUMIDO,100,2026-05-15,https://redir.folha.com.br/redir/online/poder/rss091/*https://www1.folha.uol.com.br/poder/2026/05/ele-merece-ou-nao-este-filme-diz-flavio-bolsonaro-ao-defender-uso-de-verba-para-obra-sobre-o-pai.shtml,100_150
GFC_NEG_00177,Mulher diz que está comprando mais produtos com o Bolsa-Família do que comprava com o Auxílio-Brasil,0,FALSO,google_factcheck,AOS_FATOS,AFIRMACAO_CHECADA,ROTULO_FORTE,100,2024-01-30,https://www.aosfatos.org/noticias/video-bolsonaro-supermercado-auxilio-brasil-bolsa-familia/,100_150
GFC_NEG_00041,"Áudio atribuído ao Dr. Nelson Modesto dizendo o que descobriu em sua análise sobre as vacinas covid. O estudo prova que as vacinas com insumo chinês desenvolvem doença autoimune e câncer. Foi detectado citomegalovírus, HIV, HPV e outros vírus nas vacinas, que contêm nagalase, óxido de grafeno e nanopartículas de grafeno. A proteína spike provoca a doença de prion. E os políticos estão tentando calar os médicos.",0,FALSO,google_factcheck,PROJETO_COMPROVA,AFIRMACAO_CHECADA,ROTULO_FORTE,414,2021-11-11,https://projetocomprova.com.br/publica%C3%A7%C3%B5es/vacina-contra-a-covid-19-e-segura-e-nao-gera-hiv-cancer-ou-hpv/,400_mais
GFC_NEG_00188,"o programa Farmácia Popular, sob o comando da esposa de Fernando Haddad, Ana Estela Haddad, está envolvido em tráfico internacional de drogas. Não à toa, Lula se reuniu semana passada em Santiago/Chile com diversos presidentes sul-americanos envolvidos com o narcotráfico. Todos, sem exceção, são pró-liberação das drogas e especificamente o da Colômbia, Gustavo Petro, é um conhecido usuário de cocaína.",0,ENGANOSO,google_factcheck,ESTADÃO,AFIRMACAO_CHECADA,ROTULO_FORTE,404,,https://www.estadao.com.br/estadao-verifica/ana-estela-haddad-farmacia-popular-fraude-enganoso/,400_mais
RSS_00059,Os dois temas que preocupam a frente parlamentar do ambiente de negócios — Parlamentares vão debater fim da 'taxa das blusinhas' e da escala 6x1 em almoço,1,NOTICIA_REAL,noticias_reais,VEJA_POLITICA,titulo_resumo,ROTULO_ASSUMIDO,154,2026-05-15,https://veja.abril.com.br/politica/os-dois-temas-que-preocupam-a-frente-parlamentar-do-ambiente-de-negocios/,150_200
GFC_NEG_00227,Ivermectina serve para combater a dengue,0,ENGANOSO,google_factcheck,PROJETO_COMPROVA,AFIRMACAO_CHECADA,ROTULO_FORTE,40,2024-02-19,https://projetocomprova.com.br/publica%C3%A7%C3%B5es/videos-enganam-ao-indicar-ivermectina-para-o-tratamento-da-dengue/,0_50
RSS_00066,‘Bolsomaster’: petistas ganharam narrativa de bandeja — Revelação de áudio de Flávio Bolsonaro cobrando patrocínio do dono do Banco Master deu novo fôlego à campanha petista,1,NOTICIA_REAL,noticias_reais,VEJA_POLITICA,titulo_resumo,ROTULO_ASSUMIDO,173,2026-05-16,https://veja.abril.com.br/politica/bolsomaster-petistas-ganharam-narrativa-de-bandeja/,150_200
GFC_NEG_00020,"Publicação de um vídeo do senador Randolfe Rodrigues fazendo críticas aos ministros do Supremo Tribunal Federal (STF) Dias Toffoli e Alexandre de Moraes. As declarações são parte de uma entrevista ao vivo concedida pelo parlamentar ao programa “Os Pingos nos Is”, da Jovem Pan News. O post carrega a seguinte legenda: “Randolfe atacando o ‘estado democrático de direito’ e as instituições! Caiu isso aqui!”.",0,FORA_DE_CONTEXTO,google_factcheck,FOLHA_-_UOL,AFIRMACAO_CHECADA,ROTULO_FORTE,407,2023-07-28,https://www1.folha.uol.com.br/poder/2023/07/video-de-randolfe-rodrigues-pedindo-impeachment-de-ministros-do-stf-e-de-2019.shtml,400_mais
GFC_NEG_00100,Alexandre de Moraes diz que quem for para as ruas no dia 25 vai estar cometendo crime,0,FALSO,google_factcheck,AOS_FATOS,AFIRMACAO_CHECADA,ROTULO_FORTE,85,2024-02-21,https://www.aosfatos.org/noticias/moraes-ato-bolsonaro-crime/,50_100
GFC_VER_00007,"Eu fui ministro da Fazenda, eu cobrei uma alíquota de 35% nos supersalários.",1,GFC_VERDADEIRO,google_factcheck,AOS_FATOS,AFIRMACAO_CHECADA,ROTULO_FORTE,76,2022-08-15,https://www.aosfatos.org/noticias/checamos-ciro-gomes-roda-viva/,50_100
RSS_00207,Michelle Bolsonaro pretende alavancar candidaturas femininas no DF — Mulheres que representam os envolvidos no 8 de Janeiro contam com apoio da ex-primeira-dama na disputa por uma vaga no Congresso,1,NOTICIA_REAL,noticias_reais,VEJA_POLITICA,titulo_resumo,ROTULO_ASSUMIDO,197,2026-05-16,https://veja.abril.com.br/politica/michelle-bolsonaro-pretende-alavancar-candidaturas-femininas-no-df/,150_200
GFC_NEG_00077,Jornal Nacional: em 2026 aumenta a fiscalização do pix pela Receita Federal,0,FORA_DE_CONTEXTO,google_factcheck,ESTADÃO,AFIRMACAO_CHECADA,ROTULO_FORTE,75,,https://www.estadao.com.br/estadao-verifica/receita-nao-aumentou-monitoramento-do-pix-em-2026-video-usa-materia-antiga-do-jn/,50_100
GFC_NEG_00108,Putin diz que na Rússia golpistas são executados em referência à prisão de Bolsonaro,0,FALSO,google_factcheck,AFP_CHECAMOS,AFIRMACAO_CHECADA,ROTULO_FORTE,84,2025-11-28,https://checamos.afp.com/doc.afp.com.86J4463,50_100
GFC_NEG_00065,Lula pede ao TSE para barrar vídeos na internet durante as eleições,0,FALSO,google_factcheck,BOL_-_UOL,AFIRMACAO_CHECADA,ROTULO_FORTE,67,2026-04-14,https://www.bol.uol.com.br/noticias/2026/04/14/falso-lula-pediu-tse-proibir-videos-na-internet-eleicoes.amp.htm,50_100
GFC_VER_00022,Triste é que um deputado apresenta um projeto de lei em que o estuprador pode pegar uma pena menor do que a estuprada,1,GFC_VERDADEIRO,google_factcheck,AOS_FATOS,AFIRMACAO_CHECADA,ROTULO_FORTE,117,2024-06-18,https://www.aosfatos.org/noticias/checamos-lula-entrevista-cbn/,100_150
RSS_00184,"A disputa pela Presidência no 1º turno, segundo novo Datafolha — O instituto entrevistou 2.004 eleitores entre a terça-feira 12 e a quarta 13",1,NOTICIA_REAL,noticias_reais,CARTACAPITAL,titulo_resumo,ROTULO_ASSUMIDO,141,2026-05-16,https://www.cartacapital.com.br/politica/a-disputa-pela-presidencia-no-1o-turno-segundo-novo-datafolha-2/,100_150
RSS_00062,Lula reage na busca por reeleição com pacote de benesses e vê caso Master acuar adversários,1,NOTICIA_REAL,noticias_reais,UOL_NOTICIAS,titulo,ROTULO_ASSUMIDO,91,,https://www1.folha.uol.com.br/poder/2026/05/lula-reage-na-busca-por-reeleicao-com-pacote-de-benesses-e-ve-caso-master-acuar-adversarios.shtml,50_100
GFC_NEG_00175,Bolsonaro assume que recebeu dinheiro do inss através do careca sim,0,ENGANOSO,google_factcheck,UOL_NOTÍCIAS,AFIRMACAO_CHECADA,ROTULO_FORTE,67,,https://noticias.uol.com.br/confere/ultimas-noticias/2025/05/28/careca-inss-doacao-bolsonaro-fraude-distorcido.htm,50_100
GFC_NEG_00106,"Como é que vão condenar uma pessoa [Bolsonaro] sem nenhuma prova? Porque eles têm uma única delação de um colaborador [Mauro Cid] que mudou a versão seis, sete vezes em três dias, sob coação",0,FALSO,google_factcheck,AOS_FATOS,AFIRMACAO_CHECADA,ROTULO_FORTE,190,2025-09-08,https://www.aosfatos.org/noticias/7-de-setembro-liderancas-bolsonaristas-desinformam-processo-stf-anistia-e-adelio/,150_200
GFC_VER_00002,"“Por exemplo, nós chegamos agora no menor índice de desemprego desde 2015.”",1,GFC_VERDADEIRO,google_factcheck,AOS_FATOS,AFIRMACAO_CHECADA,ROTULO_FORTE,75,2024-09-10,https://www.aosfatos.org/noticias/checamos-roda-viva-ricardo-nunes/,50_100
GFC_NEG_00211,Matéria publicada nos EUA mostra que houve fraude nas eleições do Brasil e que Bolsonaro é o verdadeiro eleito,0,FALSO,google_factcheck,ESTADÃO,AFIRMACAO_CHECADA,ROTULO_FORTE,110,,https://www.estadao.com.br/estadao-verifica/analise-estados-unidos-fraude-eleicoes-brasileiras/,100_150
RSS_00080,"Empresa afasta chileno preso por ofensas em voo da Latam Airlines — Suspeito era executivo comercial da Landes, empresa chilena de pescados",1,NOTICIA_REAL,noticias_reais,PODER360,titulo_resumo,ROTULO_ASSUMIDO,139,2026-05-17,https://www.poder360.com.br/poder-internacional/empresa-afasta-chileno-preso-por-ofensas-em-voo-da-latam-airlines/,100_150
GFC_NEG_00015,Alexandre de Moraes admitiu que 'houve fraude' nas eleições de 2022,0,ENGANOSO,google_factcheck,ESTADÃO,AFIRMACAO_CHECADA,ROTULO_FORTE,67,,https://www.estadao.com.br/estadao-verifica/alexandre-de-moraes-nao-admitiu-fraude-nas-eleicoes-2022-video-viral-e-sobre-cota-de-genero/,50_100
GFC_NEG_00231,Parece que o Brasil DESPIOROU com o Presidente @jairmessiasbolsonaro! Com o PT a estrada era desasfaltada e com Bolsonaro ela foi desemlameada!,0,FALSO,google_factcheck,UOL_NOTÍCIAS,AFIRMACAO_CHECADA,ROTULO_FORTE,143,2021-07-21,https://noticias.uol.com.br/confere/ultimas-noticias/2021/07/21/flavio-bolsonaro-republica-video-falso-checado-ha-mais-de-um-ano.htm,100_150
RSS_00025,Saiba como pedir o reembolso de produtos Ypê suspensos pela Anvisa — Clientes devem preencher um formulário no site da empresa,1,NOTICIA_REAL,noticias_reais,CARTACAPITAL,titulo_resumo,ROTULO_ASSUMIDO,126,2026-05-16,https://www.cartacapital.com.br/saude/saiba-como-pedir-o-reembolso-de-produtos-ype-suspensos-pela-anvisa/,100_150
RSS_00073,"Bastidores de ""Dark Horse"" misturaram política e ostentação, diz jornal — Bastidores de ""Dark Horse"" reuniram conflitos ideológicos, alto investimento e celebração no dia da prisão de Jair Bolsonaro",1,NOTICIA_REAL,noticias_reais,CORREIO_BRAZILIENSE,titulo_resumo,ROTULO_ASSUMIDO,198,2026-05-16,https://www.correiobraziliense.com.br/politica/2026/05/7421285-bastidores-de-dark-horse-misturaram-politica-e-ostentacao-diz-jornal.html,150_200
GFC_VER_00004,Concedemos um auxílio emergencial de 800 dólares para 68 milhões de pessoas em 2020.,1,GFC_VERDADEIRO,google_factcheck,AOS_FATOS,AFIRMACAO_CHECADA,ROTULO_FORTE,84,2021-09-21,https://www.aosfatos.org/noticias/checamos-bolsonaro-assembleia-geral-onu/,50_100
RSS_00226,"Dino abre processo para apurar uso de emendas em filme sobre Bolsonaro — Ordem do ministro do STF, ainda em caráter preliminar e com sigilo, tem como base pedidos de parlamentares",1,NOTICIA_REAL,noticias_reais,CORREIO_BRAZILIENSE,titulo_resumo,ROTULO_ASSUMIDO,179,2026-05-16,https://www.correiobraziliense.com.br/politica/2026/05/7421043-dino-abre-processo-para-apurar-uso-de-emendas-em-filme-sobre-bolsonaro.html,150_200
RSS_00113,"Aliados de Flávio Bolsonaro criticam reação da pré-campanha à crise sobre pagamento de Vorcaro — Interlocutores do senador Flávio Bolsonaro ( PL -RJ) criticaram de forma reservada a resposta da pré-campanha à crise deflagrada pela reportagem do site Intercept Brasil que expôs o contato entre o presidenciável e o dono do Banco Master , Daniel Vorcaro , na negociação de R$ 134 milhões para bancar a produção do filme ""Dark Horse"", a respeito de Jair Bolsonaro (PL). Leia mais (05/14/2026 - 17h00)",1,NOTICIA_REAL,noticias_reais,FOLHA_PODER,titulo_resumo,ROTULO_ASSUMIDO,497,2026-05-14,https://redir.folha.com.br/redir/online/poder/rss091/*https://www1.folha.uol.com.br/poder/2026/05/aliados-de-flavio-bolsonaro-criticam-reacao-da-pre-campanha-a-crise-sobre-pagamento-de-vorcaro.shtml,400_mais
GFC_VER_00006,O Ceará tem hoje a melhor educação pública do Brasil,1,GFC_VERDADEIRO,google_factcheck,UOL_NOTÍCIAS,AFIRMACAO_CHECADA,ROTULO_FORTE,52,2022-08-29,https://noticias.uol.com.br/confere/ultimas-noticias/2022/08/29/ciro-erra-ao-falar-de-educacao-e-acerta-sobre-fome-e-inadimplencia.htm,50_100
RSS_00162,"Em ação com a Interpol, PF prende em Dubai hacker do Caso Master — Victor Lima Sedlmaier era considerado foragido da Justiça",1,NOTICIA_REAL,noticias_reais,CARTACAPITAL,titulo_resumo,ROTULO_ASSUMIDO,124,2026-05-16,https://www.cartacapital.com.br/justica/em-acao-com-a-interpol-pf-prende-em-dubai-hacker-do-caso-master/,100_150
GFC_NEG_00197,"""Dr. Pedro Chavez: 'ALERTE TODO MUNDO'. Todos os LABORATÓRIOS INDEPENDENTES confirmam O MESMO. ÓXIDO DE GRAFENO e MICROTECNOLOGIA em 'vacinas'. Os 'vacinados' TÊM sido MARCADOS COMO GADOS.""",0,FALSO,google_factcheck,OBSERVADOR,AFIRMACAO_CHECADA,ROTULO_FORTE,189,2023-05-29,https://observador.pt/factchecks/fact-check-vacinas-contra-a-covid-19-contem-oxido-de-grafeno-substancia-que-e-detetada-por-telemoveis/,150_200
GFC_NEG_00132,Jair Bolsonaro admitiu que Flávio Bolsonaro participou de esquema de “rachadinha” e desvio de R$ 54 milhões,0,FALSO,google_factcheck,AOS_FATOS,AFIRMACAO_CHECADA,ROTULO_FORTE,107,2024-07-19,https://www.aosfatos.org/noticias/bolsonaro-nao-admitiu-participacao-flavio-rachadinha/,100_150
RSS_00032,Flávio Bolsonaro queima (o filme) na largada — Conversa despudorada com o banqueiro Daniel Vorcaro deixa o senador na defensiva,1,NOTICIA_REAL,noticias_reais,VEJA_POLITICA,titulo_resumo,ROTULO_ASSUMIDO,127,2026-05-15,https://veja.abril.com.br/coluna/jorge-pontes/flavio-bolsonaro-queima-o-filme-na-largada/,100_150
GFC_VER_00016,Não houve aumento do salário mínimo [no governo Bolsonaro]. Houve apenas uma reposição inflacionária,1,GFC_VERDADEIRO,google_factcheck,AOS_FATOS,AFIRMACAO_CHECADA,ROTULO_FORTE,100,2022-10-30,https://www.aosfatos.org/noticias/fome-absolvicoes-legado-principais-checagens-lula-campanha/,100_150
GFC_NEG_00254,"Agora, quem não quer mudar o sistema é porque tem certeza que o voto não auditável servirá para eleger quem não tem voto",0,FALSO,google_factcheck,AOS_FATOS,AFIRMACAO_CHECADA,ROTULO_FORTE,120,2021-07-29,https://www.aosfatos.org/noticias/bolsonaro-promete-provas-de-fraude-mas-apresenta-alegacoes-ja-desmentidas-sobre-urnas-eletronicas/,100_150
GFC_VER_00008,Banco Central quer criar o Real Digital,1,GFC_VERDADEIRO,google_factcheck,ESTADÃO,AFIRMACAO_CHECADA,ROTULO_FORTE,39,,https://www.estadao.com.br/estadao-verifica/o-que-e-real-digital-banco-central/,0_50
RSS_00128,"Nova regra de Fachin sobre distribuição de processos no STF acirra atrito interno na corte — As novas regras do STF (Supremo Tribunal Federal) para distribuição de processos judiciais determinadas nesta semana pelo presidente da corte, ministro Edson Fachin , acirraram o atrito entre magistrados e são o capítulo mais recente da divisão interna do tribunal. Leia mais (05/14/2026 - 19h35)",1,NOTICIA_REAL,noticias_reais,FOLHA_PODER,titulo_resumo,ROTULO_ASSUMIDO,389,2026-05-14,https://redir.folha.com.br/redir/online/poder/rss091/*https://www1.folha.uol.com.br/poder/2026/05/nova-regra-de-fachin-sobre-distribuicao-de-processos-no-stf-acirra-atrito-interno-na-corte.shtml,300_400
GFC_NEG_00135,"Daniela Lima afirmou que no governo Lula pobre andaria de avião, mas agora Latam, Gol e Azul anunciaram aumento das passagens por causa do aumento do IOF.",0,ENGANOSO,google_factcheck,ESTADÃO,AFIRMACAO_CHECADA,ROTULO_FORTE,154,,https://www.estadao.com.br/estadao-verifica/daniela-lima-promessa-lula-aeroportos-pobre-aviao-enganoso/,150_200
GFC_NEG_00114,A Pfizer adicionou trometamina à sua vacina contra a covid-19 para “estabilizar vítimas de ataques cardíacos”,0,ENGANOSO,google_factcheck,AFP_CHECAMOS,AFIRMACAO_CHECADA,ROTULO_FORTE,109,2021-12-15,https://checamos.afp.com/doc.afp.com.9UP9VT,100_150
GFC_VER_00003,33 milhões de brasileiros com fome e 100 milhões com insegurança alimentar,1,GFC_VERDADEIRO,google_factcheck,AOS_FATOS,AFIRMACAO_CHECADA,ROTULO_FORTE,74,2022-08-09,https://www.aosfatos.org/noticias/roda-viva-simone-tebet/,50_100
RSS_00180,A popularidade de Lula no Datafolha a menos de 5 meses da eleição — O instituto entrevistou 2.004 eleitores entre a terça-feira 12 e a quarta 13,1,NOTICIA_REAL,noticias_reais,CARTACAPITAL,titulo_resumo,ROTULO_ASSUMIDO,144,2026-05-16,https://www.cartacapital.com.br/cartaexpressa/a-popularidade-de-lula-no-datafolha-a-menos-de-5-meses-da-eleicao/,100_150
RSS_00195,Câmara aprova projeto que permite recontratação de cientistas aposentados em empresas públicas,1,NOTICIA_REAL,noticias_reais,FOLHA_PODER,titulo,ROTULO_ASSUMIDO,94,2026-05-14,https://redir.folha.com.br/redir/online/poder/rss091/*https://www1.folha.uol.com.br/blogs/brasilia-hoje/2026/05/camara-aprova-projeto-que-permite-recontratacao-de-cientistas-aposentados-em-empresas-publicas.shtml,50_100
RSS_00205,Nunes Marques acumula desafios no TSE em cenário eleitoral que promete turbulências — Ministro cita a inteligência artificial e o ataque às urnas como ameaças à democracia,1,NOTICIA_REAL,noticias_reais,VEJA_POLITICA,titulo_resumo,ROTULO_ASSUMIDO,171,2026-05-16,https://veja.abril.com.br/politica/nunes-marques-acumula-desafios-no-tse-em-cenario-eleitoral-que-promete-turbulencias/,150_200
GFC_VER_00011,Nikolas associa pretos e pardos a bandidos,1,GFC_VERDADEIRO,google_factcheck,UOL_NOTÍCIAS,AFIRMACAO_CHECADA,ROTULO_FORTE,42,,https://noticias.uol.com.br/confere/ultimas-noticias/2026/04/04/nikolas-sobre-associacao-entre-negros-e-criminosos-estereotipos-existem.ghtm,0_50
GFC_VER_00012,A [Simone] Tebet falou de voto impresso no passado,1,GFC_VERDADEIRO,google_factcheck,AOS_FATOS,AFIRMACAO_CHECADA,ROTULO_FORTE,50,2022-08-08,https://www.aosfatos.org/noticias/bolsonaro-no-flow/,50_100
GFC_VER_00015,"""Na época do PT, lá eram 150 mil crianças querendo uma vaga de creche e não tinha aqui na cidade mais rica.""",1,GFC_VERDADEIRO,google_factcheck,AOS_FATOS,AFIRMACAO_CHECADA,ROTULO_FORTE,108,2024-09-21,https://www.aosfatos.org/noticias/checamos-ricardo-nunes-inteligencia-ltda/,100_150
RSS_00076,"Diretórios do Novo no PR, ligado a Deltan, e em SC criticam vídeo de Zema contra Flávio Bolsonaro — Os diretórios do Novo em Santa Catarina e no Paraná criticaram nesta quinta-feira (14) a divulgação de um vídeo em que Romeu Zema , presidenciável do partido, ataca Flávio Bolsonaro (PL) pelo áudio do senador pedindo dinheiro ao ex-banqueiro Daniel Vorcaro , dono do Master. Leia mais (05/14/2026 - 13h31)",1,NOTICIA_REAL,noticias_reais,FOLHA_PODER,titulo_resumo,ROTULO_ASSUMIDO,405,2026-05-14,https://redir.folha.com.br/redir/online/poder/rss091/*https://www1.folha.uol.com.br/poder/2026/05/ala-do-novo-ligada-a-dallagnol-no-pr-reclama-de-video-de-zema-contra-flavio.shtml,400_mais
RSS_00119,Cuba divulga manual de sobrevivência a ataques militares — Cartilha orienta cubanos a montar kits para emergências,1,NOTICIA_REAL,noticias_reais,PODER360,titulo_resumo,ROTULO_ASSUMIDO,114,2026-05-16,https://www.poder360.com.br/poder-internacional/cuba-divulga-manual-de-sobrevivencia-a-ataques-militares/,100_150
GFC_NEG_00228,"Vídeo divulgado nas redes sociais indica o uso de vinagre de álcool como repelente contra o mosquito da dengue. Nas imagens, um homem que diz ser presidente do Comitê da Dengue de São Miguel do Iguaçu (PR) afirma que colocar o produto em recipientes no chão dos cômodos da casa funciona para afastar o Aedes aegypti.",0,FALSO,google_factcheck,FOLHA_-_UOL,AFIRMACAO_CHECADA,ROTULO_FORTE,316,2024-02-16,https://www1.folha.uol.com.br/equilibrioesaude/2024/02/vinagre-de-alcool-nao-e-recomendado-como-medida-para-combater-mosquito-da-dengue.shtml,300_400
RSS_00211,"Lula sugere veto a IA na eleição e, sem citar Flávio Bolsonaro, diz que 'verdade não falha' — O presidente Lula (PT) sugeriu nesta quinta-feira (14) a senadores aliados da Bahia que propusessem uma medida legislativa para vetar o uso de inteligência artificial nas eleições . Leia mais (05/14/2026 - 14h28)",1,NOTICIA_REAL,noticias_reais,FOLHA_PODER,titulo_resumo,ROTULO_ASSUMIDO,306,2026-05-14,https://redir.folha.com.br/redir/online/poder/rss091/*https://www1.folha.uol.com.br/poder/2026/05/lula-sugere-veto-a-ia-na-eleicao-e-sem-citar-flavio-bolsonaro-diz-que-verdade-nao-falha.shtml,300_400
GFC_NEG_00059,"Bolsonaro: ” Pobre ñ sabe lidar com dinheiro. Patrão ñ devia dar dinheiro pra trabalhador, só casa e comida. Dê dinheiro pra pobre e ele vai gastar tudo em pinga e cigarro”",0,FALSO,google_factcheck,BOATOS.ORG,AFIRMACAO_CHECADA,ROTULO_FORTE,172,2021-12-19,https://www.boatos.org/politica/bolsonaro-diz-que-pobre-nao-sabe-lidar-com-dinheiro-patrao-nao-devia-dar-pagar.html,150_200
RSS_00052,Flávio Bolsonaro sobe e pode cair em nome do pai,1,NOTICIA_REAL,noticias_reais,FOLHA_PODER,titulo,ROTULO_ASSUMIDO,48,2026-05-14,https://redir.folha.com.br/redir/online/poder/rss091/*https://www1.folha.uol.com.br/colunas/dora-kramer/2026/05/flavio-bolsonaro-sobe-e-pode-cair-em-nome-do-pai.shtml,0_50
GFC_NEG_00176,Ministro Fernando Haddad mandando ao vivo no G1 o som A Novinha Senta Apampa,0,FALSO,google_factcheck,UOL_NOTÍCIAS,AFIRMACAO_CHECADA,ROTULO_FORTE,76,,https://noticias.uol.com.br/confere/ultimas-noticias/2023/07/28/haddad-vai-novinha-ah-ah-ah-funk-violao-g1.htm,50_100
RSS_00107,DC prepara retirada de Aldo Rebelo e quer lançar Joaquim Barbosa à Presidência — A avaliação da legenda é que Aldo não conseguiu se viabilizar eleitoralmente,1,NOTICIA_REAL,noticias_reais,CARTACAPITAL,titulo_resumo,ROTULO_ASSUMIDO,157,2026-05-16,https://www.cartacapital.com.br/cartaexpressa/dc-prepara-retirada-de-aldo-rebelo-e-quer-lancar-joaquim-barbosa-a-presidencia/,150_200
RSS_00139,Entenda como funcionaria Maria da Penha Digital proposta por Sâmia — Texto estabelece um marco jurídico para combater violência de gênero praticada em ambientes digitais.,1,NOTICIA_REAL,noticias_reais,CONGRESSO_EM_FOCO,titulo_resumo,ROTULO_ASSUMIDO,170,2026-05-11,https://www.congressoemfoco.com.br/noticia/118756/entenda-como-funcionaria-maria-da-penha-digital-proposta-por-samia,150_200
GFC_NEG_00170,Randolfe mentiu sobre vacinação contra covid,0,FALSO,google_factcheck,BOL_-_UOL,AFIRMACAO_CHECADA,ROTULO_FORTE,44,2023-06-07,https://www.bol.uol.com.br/noticias/2023/06/07/fotos-de-randolfe-apos-aplicacao-de-vacinas-nao-provam-farsa-da-vacinacao.htm,0_50
GFC_NEG_00122,Lula recebeu notificação direta de Donald Trump para libertar Bolsonaro,0,FALSO,google_factcheck,UOL_NOTÍCIAS,AFIRMACAO_CHECADA,ROTULO_FORTE,71,,https://noticias.uol.com.br/confere/ultimas-noticias/2026/01/28/falso-trump-oficio-lula-libertacao-bolsonaro.htm,50_100
GFC_VER_00019,"Ou porque a inadimplência atingiu 66,6 milhões de brasileiros.",1,GFC_VERDADEIRO,google_factcheck,AOS_FATOS,AFIRMACAO_CHECADA,ROTULO_FORTE,62,2022-08-15,https://www.aosfatos.org/noticias/checamos-ciro-gomes-roda-viva/,50_100
RSS_00072,Governo Lula anuncia R$ 37 bi para o refino em São Paulo — Aporte na Refinaria de Paulínia deve criar 38 mil empregos diretos e indiretos até 2030,1,NOTICIA_REAL,noticias_reais,PODER360,titulo_resumo,ROTULO_ASSUMIDO,146,2026-05-17,https://www.poder360.com.br/poder-infra/governo-lula-anuncia-r-37-bi-para-o-refino-em-sao-paulo/,100_150
RSS_00210,"Flávio ironiza ataque de Zema: ‘Mineiro tem mais calma na hora de falar’ — Pré-candidato do PL participou de agenda com aliados na PM do Rio; ex-governador de Minas disse que conversa com Vorcaro é ""tapa na cara dos brasileiros""",1,NOTICIA_REAL,noticias_reais,VEJA_POLITICA,titulo_resumo,ROTULO_ASSUMIDO,228,2026-05-15,https://veja.abril.com.br/politica/flavio-ironiza-ataque-de-zema-mineiro-tem-mais-calma-na-hora-de-falar/,200_300
GFC_VER_00018,A inflação dos alimentos tá em 15%,1,GFC_VERDADEIRO,google_factcheck,AOS_FATOS,AFIRMACAO_CHECADA,ROTULO_FORTE,34,2022-08-15,https://www.aosfatos.org/noticias/checamos-ciro-gomes-roda-viva/,0_50
RSS_00221,MPF pede julgamento sobre ataques da Marinha a João Cândido — Órgão pede indenização de R$ 5 milhões por danos à memória do líder da Revolta da Chibata e da população negra,1,NOTICIA_REAL,noticias_reais,CORREIO_BRAZILIENSE,titulo_resumo,ROTULO_ASSUMIDO,172,2026-05-15,https://www.correiobraziliense.com.br/politica/2026/05/7420940-mpf-pede-julgamento-sobre-ataques-da-marinha-a-joao-candido.html,150_200
GFC_NEG_00203,"Tuíte alegando que o aplicativo de disque-denúncia do TSE, o Pardal, não aceita queixas contra o PT. A postagem inclui um vídeo de uma tentativa fracassada de denunciar a sigla.",0,FALSO,google_factcheck,FOLHA_-_UOL,AFIRMACAO_CHECADA,ROTULO_FORTE,177,2022-10-28,https://www1.folha.uol.com.br/poder/2022/10/e-falso-que-aplicativo-do-tse-nao-permita-denuncias-contra-o-pt.shtml,150_200
GFC_NEG_00207,"Dino ""arregou"" de decisão sobre Magnitsky",0,ENGANOSO,google_factcheck,ESTADÃO,AFIRMACAO_CHECADA,ROTULO_FORTE,41,,https://www.estadao.com.br/estadao-verifica/dino-arregou-decisao-magnitsky-enganoso/,0_50
GFC_NEG_00179,"Tuíte reproduz participação do comentarista Matthew Tyrmand no programa Tucker Carlson Tonight, da emissora Fox News, dos Estados Unidos. No vídeo, Tyrmand comenta os atos ao redor do Brasil que contestam, sem evidências, o resultado das eleições presidenciais, dizendo se tratar do “maior protesto democrático e possivelmente até da humanidade”.",0,ENGANOSO,google_factcheck,FOLHA_-_UOL,AFIRMACAO_CHECADA,ROTULO_FORTE,346,2022-12-07,https://www1.folha.uol.com.br/poder/2022/12/nao-e-possivel-afirmar-que-atos-antidemocraticos-contra-resultado-das-eleicoes-sao-o-maior-protesto-da-historia.shtml,300_400
GFC_NEG_00154,Receita Federal do Brasil Comunicado importante! Identificamos divergências no seu IRPF (Imposto de Renda Pessoa Física).,0,FALSO,google_factcheck,BOATOS.ORG,AFIRMACAO_CHECADA,ROTULO_FORTE,121,2023-05-25,https://www.boatos.org/tecnologia/receita-federal-envia-e-mail-sobre-divergencias-no-imposto-de-renda.html,100_150
GFC_NEG_00079,Concurso para o Sistema Único de Saúde com salários de até R$ 11 mil para vagas que exigem como nível de escolaridade Ensino Médio completo,0,FALSO,google_factcheck,UOL_NOTÍCIAS,AFIRMACAO_CHECADA,ROTULO_FORTE,139,,https://noticias.uol.com.br/confere/ultimas-noticias/2025/07/16/sao-falsos-posts-de-concurso-do-sus-com-salario-de-ate-r-11-mil-e-golpe.htm,100_150
RSS_00027,A dobradinha da Esplanada que vem chamando atenção de Lula e ministros — Sintonia fina entre Dario Durigan e Bruno Moretti tem recebido elogios nos bastidores,1,NOTICIA_REAL,noticias_reais,VEJA_POLITICA,titulo_resumo,ROTULO_ASSUMIDO,158,2026-05-16,https://veja.abril.com.br/politica/a-dobradinha-da-esplanada-que-vem-chamando-atencao-de-lula-e-ministros/,150_200
GFC_VER_00014,"""Fui ao Plenário das Nações Unidas receber o prêmio mundial de combate a mortalidade infantil""",1,GFC_VERDADEIRO,google_factcheck,UOL_NOTÍCIAS,AFIRMACAO_CHECADA,ROTULO_FORTE,94,2022-09-25,https://noticias.uol.com.br/confere/ultimas-noticias/2022/09/24/no-sbt-ciro-cita-premio-que-recebeu-por-politica-criada-por-tasso.htm,50_100
RSS_00147,"PGR denuncia Romeu Zema ao STJ por calúnia contra Gilmar Mendes — Segundo a PGR, vídeos publicados por Zema atribuíram falsamente crime de corrupção passiva ao ministro do STF",1,NOTICIA_REAL,noticias_reais,CORREIO_BRAZILIENSE,titulo_resumo,ROTULO_ASSUMIDO,175,2026-05-15,https://www.correiobraziliense.com.br/politica/2026/05/7420983-pgr-denuncia-romeu-zema-ao-stj-por-calunia-contra-gilmar-mendes.html,150_200
GFC_NEG_00087,Taxa de desemprego do IBGE foi manipulada para excluir beneficiários do Bolsa Família e favorecer governo,0,ENGANOSO,google_factcheck,ESTADÃO,AFIRMACAO_CHECADA,ROTULO_FORTE,105,,https://www.estadao.com.br/estadao-verifica/ibge-nao-maquiou-taxa-de-desemprego-criterio-e-o-mesmo-usado-desde-2012/,100_150
RSS_00070,"Flávio diz que novos diálogos com Vorcaro podem vazar, mas que contato se restringiu a filme — O senador e pré-candidato à Presidência Flávio Bolsonaro ( PL -RJ) disse nesta sexta-feira (15) que novas conversas ou relatos de encontros que teve com o dono do Banco Master , Daniel Vorcaro , podem se tornar públicos, mas afirmou que o contato que manteve com o ex-banqueiro se restringiu ao filme sobre o ex-presidente Jair Bolsonaro (PL). Leia mais (05/15/2026 - 17h02)",1,NOTICIA_REAL,noticias_reais,FOLHA_PODER,titulo_resumo,ROTULO_ASSUMIDO,469,2026-05-15,https://redir.folha.com.br/redir/online/poder/rss091/*https://www1.folha.uol.com.br/poder/2026/05/flavio-diz-que-novos-dialogos-com-vorcaro-podem-vazar-mas-que-contato-se-restringiu-a-filme.shtml,400_mais
RSS_00012,"Em sinalização ao multilateralismo, ministro da Fazenda é convidado e fará discurso em reunião do G7",1,NOTICIA_REAL,noticias_reais,UOL_NOTICIAS,titulo,ROTULO_ASSUMIDO,100,,https://www1.folha.uol.com.br/colunas/painel/2026/05/em-sinalizacao-ao-multilateralismo-ministro-da-fazenda-e-convidado-e-fara-discurso-em-reuniao-do-g7.shtml,100_150
RSS_00004,"O plano inusitado que Zema pretende implementar caso seja eleito para a presidência — Se chegar ao Planalto em 2027, ex-governador de Minas Gerais quer alianças para reformular as relações do Executivo com o Congresso",1,NOTICIA_REAL,noticias_reais,VEJA_POLITICA,titulo_resumo,ROTULO_ASSUMIDO,217,2026-05-16,https://veja.abril.com.br/politica/a-plano-inusitado-que-zema-pretende-implementar-caso-seja-eleito-para-a-presidencia/,200_300
GFC_NEG_00246,"""Óxido de grafeno detetado em análise independente de vacina Covid. Eu sei que custa a entender mas... É o que está a acontecer?!?! E podemos evitar muitas mortes se te juntares a nós!?""",0,FALSO,google_factcheck,OBSERVADOR,AFIRMACAO_CHECADA,ROTULO_FORTE,186,2021-09-14,https://observador.pt/factchecks/fact-check-estudo-da-universidade-de-almeria-confirma-a-presenca-de-grafeno-nas-vacinas/,150_200
GFC_VER_00020,"R$160milhões do mensalão, R$2,3bilhão em um esquema do Petrolão, e R$44bilhões no orçamento secreto",1,GFC_VERDADEIRO,google_factcheck,AOS_FATOS,AFIRMACAO_CHECADA,ROTULO_FORTE,99,2022-08-09,https://www.aosfatos.org/noticias/roda-viva-simone-tebet/,50_100
GFC_NEG_00186,Decreto assinado por Lula determina que todos os beneficiários do Bolsa Família deverão passar por visita de assistente social,0,ENGANOSO,google_factcheck,AOS_FATOS,AFIRMACAO_CHECADA,ROTULO_FORTE,126,2026-02-03,https://www.aosfatos.org/noticias/regra-condiciona-bolsa-familia-visita-domiciliar-vale-so-familias-compostas-uma-pessoa/,100_150
GFC_NEG_00107,"Beatriz Souza em entrevista para o SporTV: “essa medalha eu dedico ao nosso Capitão Jair Bolsonaro, eu desejo muito que em 2028 que ele volte a ser presidente”.",0,FALSO,google_factcheck,BOATOS.ORG,AFIRMACAO_CHECADA,ROTULO_FORTE,160,2024-08-04,https://www.boatos.org/esporte/beatriz-souza-e-bolsonarista-dedicou-medalha-de-ouro-a-bolsonaro-e-apareceu-em-foto-com-ex-presidente.html,150_200
GFC_NEG_00172,"Bolsonaro na Expointer 2024. RBS informou? Não. Bolsonaro na Expointer 2024 que terminou ontem, 01/09.",0,FALSO,google_factcheck,BOATOS.ORG,AFIRMACAO_CHECADA,ROTULO_FORTE,102,2024-09-04,https://www.boatos.org/politica/bolsonaro-ovacionado-expointer-2024-rio-grande-do-sul.html,100_150
GFC_NEG_00002,Advogado defende a impressão de comprovantes de votação durante julgamento no STF e fala sobre falhas encontradas nas urnas eletrônicas que poderiam ameaçar o processo eleitoral.,0,ENGANOSO,google_factcheck,PROJETO_COMPROVA,AFIRMACAO_CHECADA,ROTULO_FORTE,178,2022-05-18,https://projetocomprova.com.br/publica%C3%A7%C3%B5es/video-que-cita-falhas-ja-corrigidas-nas-urnas-volta-a-circular-fora-de-contexto/,150_200
RSS_00188,"Brasil 2070: que legado queremos deixar? — Entre crises, estagnação e baixa capacidade de investimento, o país perdeu espaço econômico enquanto emergentes aceleraram seu desenvolvimento.",1,NOTICIA_REAL,noticias_reais,CONGRESSO_EM_FOCO,titulo_resumo,ROTULO_ASSUMIDO,186,2026-05-15,https://www.congressoemfoco.com.br/coluna/118913/brasil-2070-que-legado-queremos-deixar,150_200
GFC_NEG_00021,Grampo com Alexandre de Moraes mostra como Lula venceu as eleições,0,ENGANOSO,google_factcheck,ESTADÃO,AFIRMACAO_CHECADA,ROTULO_FORTE,66,,https://www.estadao.com.br/estadao-verifica/lula-desembargador-liberdade-eleicao/,50_100
GFC_NEG_00058,"Fraude eleitoral: USAID pagou US$ 500 mil à empresa Smartmatic, que forneceu urnas eletrônicas ao Brasil em 2022",0,FALSO,google_factcheck,ESTADÃO,AFIRMACAO_CHECADA,ROTULO_FORTE,112,,https://www.estadao.com.br/estadao-verifica/usaid-500-mil-smartmatic-urnas-eleicoes-2022-falso/,100_150
RSS_00021,"Aliado da família Bolsonaro, Tarcísio falta a evento com Flávio por causa de gripe — Informação foi dada pela assessoria do governador de São Paulo",1,NOTICIA_REAL,noticias_reais,CORREIO_BRAZILIENSE,titulo_resumo,ROTULO_ASSUMIDO,147,2026-05-16,https://www.correiobraziliense.com.br/politica/2026/05/7421255-aliado-da-familia-bolsonaro-tarcisio-falta-a-evento-com-flavio-por-causa-de-gripe.html,100_150
GFC_VER_00001,O Brasil tem 3% da população do mundo. Aqui morreram 11% da população do mundo.,1,GFC_VERDADEIRO,google_factcheck,AOS_FATOS,AFIRMACAO_CHECADA,ROTULO_FORTE,79,2022-08-15,https://www.aosfatos.org/noticias/checamos-ciro-gomes-roda-viva/,50_100
RSS_00105,"Prêmio Amrigs abre inscrições para trabalhos sobre IA na medicina — Estão abertas as inscrições para o Prêmio Amrigs de Jornalismo 2026. A iniciativa reconhece trabalhos jornalísticos produzidos no Brasil sobre medicina . As reportagens devem tratar dos impactos da inteligência artificial na saúde , como prática médica, diagnóstico, relação com pacientes e organização dos serviços. Leia mais (05/15/2026 - 10h00)",1,NOTICIA_REAL,noticias_reais,FOLHA_PODER,titulo_resumo,ROTULO_ASSUMIDO,415,2026-05-15,https://redir.folha.com.br/redir/online/poder/rss091/*https://www1.folha.uol.com.br/blogs/novo-em-folha/2026/05/premio-amrigs-abre-inscricoes-para-trabalhos-sobre-ia-na-medicina.shtml,400_mais
GFC_NEG_00098,Luís Roberto Barroso e EUA agiram para comprar chips fraudulentos de Taiwan para roubar votos para Lula em 2022,0,ENGANOSO,google_factcheck,ESTADÃO,AFIRMACAO_CHECADA,ROTULO_FORTE,111,,https://www.estadao.com.br/estadao-verifica/barroso-comprou-chips-adulterados-taiwan-roubar-votos-lula-falso/,100_150
GFC_NEG_00220,"Vazou uma foto do presidente do Banco Central, Roberto Campos Neto, em um churrasco com aliados de Jair Bolsonaro",0,ENGANOSO,google_factcheck,AFP_CHECAMOS,AFIRMACAO_CHECADA,ROTULO_FORTE,113,2024-07-02,https://checamos.afp.com/doc.afp.com.362H6Q8,100_150
GFC_NEG_00007,"A partir de amanhã, em todo o mundo, existem novas regras de comunicação, todos os governos da Europa, América do Norte e América do Sul chegaram a um acordo com a Whatsapp, Twiter, Facebook e outros canais de comunicação. Todas as chamadas serão gravadas. Todos os registros de chamadas telefônicas são gravados. Todas as mensagens e chamadas WhatsApp são gravadas. O Twitter é monitorado. NO BRASIL O STF AUTORIZOU O MONITORAMENTO.",0,FALSO,google_factcheck,BOL_-_UOL,AFIRMACAO_CHECADA,ROTULO_FORTE,433,2023-01-10,https://www.bol.uol.com.br/noticias/2023/01/10/mensagem-falsa-whatsapp-stf.htm,400_mais
RSS_00187,"Congresso: a ""baleia branca"" de Lula 3? — Impasse do IOF expõe calcanhar de Aquiles do Congresso",1,NOTICIA_REAL,noticias_reais,METROPOLES,titulo_resumo,ROTULO_ASSUMIDO,96,2025-07-05,https://www.metropoles.com/blog-do-noblat/congresso-a-baleia-branca-de-lula-3,50_100
GFC_NEG_00183,"Vídeo de três minutos no qual um homem alega que Gleisi Hoffmann, presidente nacional do Partido dos Trabalhadores, teria feito uma série de afirmações sobre a aposentadoria de integrantes das Forças Armadas e policiais militares. Segundo o autor, a parlamentar teria dito que a previdência desse grupo será incorporada ao Instituto Nacional do Seguro Social (INSS), que haverá revisão da idade mínima para aposentadoria e a revogação da pensão por morte do cônjuge, e que militares e forças auxiliares não devem ter benefícios maiores do que o restante da sociedade.",0,FALSO,google_factcheck,FOLHA_-_UOL,AFIRMACAO_CHECADA,ROTULO_FORTE,567,2022-11-17,https://www1.folha.uol.com.br/poder/2022/11/video-inventa-declaracoes-de-gleisi-hoffmann-sobre-reducao-de-beneficios-para-militares-no-governo-lula.shtml,400_mais
GFC_NEG_00167,Quatro presos políticos já foram a óbito,0,FORA_DE_CONTEXTO,google_factcheck,ESTADÃO,AFIRMACAO_CHECADA,ROTULO_FORTE,40,,https://www.estadao.com.br/estadao-verifica/presos-no-8-de-janeiro-citados-em-postagem-morreram-enquanto-estavam-em-liberdade-condicional/,0_50
GFC_NEG_00042,Lula quer o comprovante do voto impresso para confirmar a vitória do Maduro na Venezuela porque não confia nas urnas eletrônicas,0,FALSO,google_factcheck,AOS_FATOS,AFIRMACAO_CHECADA,ROTULO_FORTE,128,2024-09-18,https://www.aosfatos.org/noticias/falso-lula-criticou-urna-eletronica-atas-eleitorais-venezuela/,100_150
GFC_VER_00017,"O que o arcabouço prevê, que é uma novidade na legislação, é que você vai ter um aumento real de despesa mínima de 0,6% e máxima de 2,5%, para justamente funcionar como mecanismos anticíclicos. Se tiver uma recessão, você garante a despesa do governo. Se tiver um crescimento exorbitante, você economiza justamente para equilibrar no tempo as contas públicas.",1,GFC_VERDADEIRO,google_factcheck,AOS_FATOS,AFIRMACAO_CHECADA,ROTULO_FORTE,359,2024-01-25,https://www.aosfatos.org/noticias/checamos-haddad-roda-viva/,300_400
GFC_NEG_00123,"Uma coisa é certa: se ninguém foi preso pelo roubo do INSS e não deram 24 horas para explicar até agora, é sinal de que não tem ninguém de direita envolvido",0,FALSO,google_factcheck,UOL_NOTÍCIAS,AFIRMACAO_CHECADA,ROTULO_FORTE,156,,https://noticias.uol.com.br/confere/ultimas-noticias/2025/06/27/houve-prisoes-por-fraude-no-inss-ao-contrario-do-que-diz-post.htm,150_200
GFC_NEG_00125,"""Varíola? Não. Chama-se Cobreiro/Heroes Zóster, e é uma conhecida 'reação adversa' da vacina de covid... Eles até tentaram usar uma foto de herpes zóster e chamá-la de varíola""",0,FALSO,google_factcheck,OBSERVADOR,AFIRMACAO_CHECADA,ROTULO_FORTE,176,2022-05-30,https://observador.pt/factchecks/fact-check-variola-dos-macacos-e-uma-reacao-adversa-as-vacinas-contra-a-covid-19/,150_200
RSS_00166,"Fux defende decisão de Toffoli e mantém a extinção de processos contra Beto Richa — O ministro afirmou se tratar de uma ação 'manifestamente incabível', devido à jurisprudência do STF",1,NOTICIA_REAL,noticias_reais,CARTACAPITAL,titulo_resumo,ROTULO_ASSUMIDO,183,2026-05-15,https://www.cartacapital.com.br/politica/fux-defende-decisao-de-toffoli-e-mantem-a-extincao-de-processos-contra-beto-richa/,150_200
RSS_00061,"Grande centrão: Veredas — ""O senhor sabe: centrão é onde manda quem é forte, com as astúcias."" Leia mais (05/13/2026 - 19h00)",1,NOTICIA_REAL,noticias_reais,FOLHA_PODER,titulo_resumo,ROTULO_ASSUMIDO,125,2026-05-13,https://redir.folha.com.br/redir/online/poder/rss091/*https://www1.folha.uol.com.br/colunas/conrado-hubner-mendes/2026/05/grande-centrao-veredas.shtml,100_150
RSS_00093,Desabamento em Salvador deixa ao menos 1 morto — Prédio de 4 andares desabou; bombeiros buscam desaparecidos,1,NOTICIA_REAL,noticias_reais,PODER360,titulo_resumo,ROTULO_ASSUMIDO,108,2026-05-17,https://www.poder360.com.br/poder-infra/desabamento-em-salvador-deixa-ao-menos-1-morto/,100_150
GFC_NEG_00027,"""Mau... O governo austríaco que se decida... VÍDEO | Viena (Áustria), também há vacinação em bordéis, se for inoculado ganha um prémio: 30 minutos de sexo grátis com uma prostituta. Mas ao mesmo tempo fez um confinamento para os não injectados.""",0,FALSO,google_factcheck,OBSERVADOR,AFIRMACAO_CHECADA,ROTULO_FORTE,245,2021-11-30,https://observador.pt/factchecks/fact-check-governo-austriaco-promoveu-vacinacao-em-bordeis-com-direito-a-30-minutos-de-sexo-gratis/,200_300
RSS_00196,"Aliados de Flávio Bolsonaro veem abalo de confiança por elo com Vorcaro e temem mais acusações — A revelação de conversas e uma relação de intimidade entre o senador Flávio Bolsonaro ( PL -RJ) e o ex-banqueiro Daniel Vorcaro , após o pré-candidato dizer publicamente e reservadamente para líderes de direita que não tinha contatos com o dono do Banco Master , causou uma sensação de quebra de confiança entre seus apoiadores. Leia mais (05/14/2026 - 04h06)",1,NOTICIA_REAL,noticias_reais,FOLHA_PODER,titulo_resumo,ROTULO_ASSUMIDO,456,2026-05-14,https://redir.folha.com.br/redir/online/poder/rss091/*https://www1.folha.uol.com.br/poder/2026/05/aliados-de-flavio-bolsonaro-veem-abalo-de-confianca-por-elo-com-vorcaro-e-temem-mais-acusacoes.shtml,400_mais
GFC_NEG_00030,Suzane Von Richthofen será candidata a vereadora pelo PT,0,FALSO,google_factcheck,AOS_FATOS,AFIRMACAO_CHECADA,ROTULO_FORTE,56,2021-10-15,https://www.aosfatos.org/noticias/e-falso-que-suzane-von-richthofen-sera-candidata-a-vereadora-pelo-pt/,50_100
RSS_00009,Fundo ligado a aliado de Eduardo compra casa no Texas — PF investiga desvio de recursos; fundo gerenciou verba de filme sobre Bolsonaro,1,NOTICIA_REAL,noticias_reais,PODER360,titulo_resumo,ROTULO_ASSUMIDO,135,2026-05-17,https://www.poder360.com.br/poder-justica/fundo-ligado-a-aliado-de-eduardo-compra-casa-no-texas/,100_150
RSS_00001,Comissão da Câmara aprova cota para mulheres na direção de clubes — Texto prevê reserva de vagas para mulheres em cargos de comando e em conselhos que apuram assédio sexual.,1,NOTICIA_REAL,noticias_reais,CONGRESSO_EM_FOCO,titulo_resumo,ROTULO_ASSUMIDO,173,2026-05-15,https://www.congressoemfoco.com.br/noticia/118927/comissao-da-camara-aprova-cota-para-mulheres-na-direcao-de-clubes,150_200
GFC_NEG_00047,Votação nas eleições municipais de 2024 servirá como prova de vida para INSS,0,ENGANOSO,google_factcheck,AFP_CHECAMOS,AFIRMACAO_CHECADA,ROTULO_FORTE,76,2024-09-20,https://checamos.afp.com/doc.afp.com.36GQ8EW,50_100
GFC_NEG_00245,"Em uma nota técnica, o Ministério da Saúde diz que a cloroquina funciona e que as vacinas não. O documento contraria especialistas ouvidos pelo próprio ministério",0,FALSO,google_factcheck,UOL_NOTÍCIAS,AFIRMACAO_CHECADA,ROTULO_FORTE,162,2023-03-10,https://noticias.uol.com.br/confere/ultimas-noticias/2023/03/10/video-antigo-cita-nota-tecnica-de-2022-contra-vacina-como-se-fosse-atual.htm,150_200
GFC_NEG_00103,Nova regra da Receita Federal monitora automaticamente todas as transações Pix e cruza os dados diretamente com a declaração de Imposto de Renda para identificar inconsistências financeiras.​,0,ENGANOSO,google_factcheck,ESTADÃO,AFIRMACAO_CHECADA,ROTULO_FORTE,191,,https://www.estadao.com.br/estadao-verifica/receita-federal-nao-monitora-pix-individual-automaticamente-enganoso/,150_200
